Kernel,Type,M,N,K,Time_ms,TFLOPS
31,Square,2046,2046,2046,0.14605,117.2858
31,Square,4096,4096,4096,0.89738,153.1558
31,Square,8192,8192,8192,6.60,166.5927
31,Square,16384,16384,16384,53.91,163.1625
31,Square,32768,32768,32768,438.97,160.3042
31,Fixed_K,1024,1024,8192,0.23136,74.2560
31,Fixed_K,2046,2046,8192,0.46365,147.9248
31,Fixed_K,4096,4096,8192,1.77,155.2983
31,Fixed_K,8192,8192,8192,6.60,166.5927
31,Fixed_K,16384,16384,8192,27.43,160.3371
31,Fixed_K,32768,32768,8192,114.66,153.4291
